Brand,Model,Processor,Ram,SSD,Price,Display
Lenovo,Ultra,Intel Core,16 GB,1 TB,110999,40.64 cm
Acer,Aspire,AMD Ryzen,8 GB,256 GB,38990,39.62 cm
Neopticon,BrowseBook,Intel Celeron,4 GB,256 GB,19590,35.81 cm
ASUS,Vivobook,Intel Core,8 GB,512 GB,49990,35.56 cm
ASUS,ROG,Intel Core,32 GB,2 TB,499990,40.64 cm
ASUS,Vivobook,Intel Core,8 GB,512 GB,44990,39.62 cm
HP,Victus,Intel Core,16 GB,512 GB,94990,39.62 cm
ASUS,Vivobook,Intel Core,16 GB,512 GB,71500,39.62 cm
Acer,Aspire,Intel Celeron,12 GB,512 GB,38990,35.56 cm
Acer,Aspire,AMD Ryzen,16 GB,512 GB,56990,39.62 cm
Acer,Aspire,Intel Core,16 GB,512 GB,51990,39.62 cm
Acer,Aspire,AMD Ryzen,8 GB,512 GB,45990,39.62 cm
Acer,One,AMD Ryzen,8 GB,256 GB,41899,39.62 cm
HP,15,AMD Athlon,8 GB,256 GB,46746,39.62 cm
Neopticon,Ebook,Intel Celeron,4 GB,128 GB,14515,29.46 cm
Acer,Acer,AMD Ryzen,8 GB,512 GB,45820,35.56 cm
HP,AMD,AMD Ryzen,16 GB,512 GB,54290,39.62 cm
Acer,Aspire,Intel Core,8 GB,256 GB,47990,35.56 cm
ASUS,Vivobook,AMD Ryzen,8 GB,512 GB,54990,39.62 cm
ASUS,Vivobook,Intel Core,16 GB,512 GB,80990,40.64 cm
Lenovo,V15,AMD Ryzen,16 GB,512 GB,59955,39.62 cm
Acer,Aspire,Intel Core,16 GB,512 GB,49900,39.62 cm
HP,MS,Intel Core,16 GB,512 GB,67990,39.62 cm
Samsung,Galaxy,Intel Core,16 GB,512 GB,74990,39.62 cm
Acer,Intel,Intel Celeron,8 GB,128 GB,28990,29.46 cm
Lenovo,IdeaPad,Intel Core,16 GB,512 GB,73990,38.86 cm
ASUS,Expertbook,Intel Core,32 GB,512 GB,83990,39.62 cm
Acer,One,AMD Ryzen,8 GB,256 GB,39990,35.56 cm
Acer,Aspire,Intel Pentium,12 GB,512 GB,43990,39.62 cm
ASUS,Vivobook,Intel Core,8 GB,512 GB,52990,39.62 cm
Acer,Aspire,AMD Ryzen,8 GB,256 GB,43990,39.62 cm
HP,Intel,Intel Core,16 GB,512 GB,99000,39.62 cm
HP,Intel,Intel Core,8 GB,512 GB,54990,39.62 cm
Acer,Aspire,Intel Core,16 GB,512 GB,49990,35.56 cm
Acer,Aspire,Intel Celeron,8 GB,256 GB,33755,29.46 cm
Acer,Aspire,Intel Core,16 GB,512 GB,59990,39.62 cm
ASUS,Vivobook,Intel Core,16 GB,512 GB,56990,39.62 cm
Lenovo,Yoga,Intel Core,32 GB,1 TB,115990,35.56 cm
ASUS,Vivobook,Intel Core,16 GB,512 GB,80831,35.56 cm
ASUS,Vivobook,AMD Ryzen,8 GB,512 GB,48990,39.62 cm
ASUS,Vivobook,Intel Core,16 GB,512 GB,48990,39.62 cm
Lenovo,IdeaPad,AMD Ryzen,16 GB,512 GB,68490,39.62 cm
Acer,Aspire,Intel Celeron,8 GB,512 GB,39550,29.46 cm
Acer,Aspire,Intel Celeron,12 GB,512 GB,24990,35.56 cm
Acer,Aspire,AMD Ryzen,16 GB,512 GB,54990,39.62 cm
MICROSOFT,Surface,Snapdragon X,16 GB,256 GB,107098,30.48 cm
Samsung,Galaxy,Intel Core,8 GB,512 GB,57499,39.62 cm
ASUS,ExpertBook,Intel Core,16 GB,512 GB,57990,35.56 cm
HP,15,Intel Core,16 GB,512 GB,68990,39.62 cm
MSI,Modern,AMD Ryzen,8 GB,512 GB,47990,35.56 cm
Lenovo,Ideapad,Snapdragon X,16 GB,512 GB,71990,38.35 cm
Lenovo,IdeaPad,Intel Core,8 GB,512 GB,57474,39.62 cm
ASUS,Vivobook,Intel Core,16 GB,512 GB,74990,35.56 cm
Acer,Aspire,Intel Core,16 GB,512 GB,85000,39.62 cm
HP,15s,Intel Core,8 GB,512 GB,49990,39.62 cm
ASUS,Vivobook,Intel Core,16 GB,512 GB,48990,39.62 cm
Acer,Aspire,AMD Ryzen,16 GB,512 GB,53535,39.62 cm
Samsung,Galaxy,Intel Core,16 GB,512 GB,85990,39.62 cm
Acer,Aspire,Intel Celeron,8 GB,256 GB,33990,29.46 cm
Acer,Predator,Intel Core,16 GB,1 TB,185000,40.64 cm
DELL,15,AMD Ryzen,16 GB,512 GB,67156,39.62 cm
Lenovo,IdeaPad,AMD Ryzen,16 GB,512 GB,57650,39.62 cm
ASUS,TUF,AMD Ryzen,16 GB,1 TB,113990,39.62 cm
Acer,Aspire,Intel Core,16 GB,512 GB,64990,39.62 cm
ASUS,ExpertBook,Intel Core,16 GB,512 GB,57990,39.62 cm
ASUS,Expertbook,Intel Core,32 GB,512 GB,84990,35.56 cm
HP,15,Intel Core,8 GB,512 GB,54990,39.62 cm
Lenovo,IdeaPad,Snapdragon X,16 GB,1 TB,76950,38.86 cm
DELL,Inspiron,Intel Core,8 GB,512 GB,56990,38.1 cm
HP,Laptop,Intel Core,8 GB,512 GB,56000,39.62 cm
Acer,Aspire,AMD Ryzen,8 GB,512 GB,45990,39.62 cm
HP,15,Intel Core,16 GB,512 GB,67990,39.62 cm
Lenovo,IdeaPad,Intel Core,24 GB,1 TB,87990,38.86 cm
Acer,Aspire,Intel Core,8 GB,512 GB,54499,35.56 cm
DELL,PRO,AMD Ryzen,8 GB,512 GB,52990,39.62 cm
Acer,Predator,Intel Core,16 GB,1 TB,171990,40.64 cm
ASUS,Vivobook,AMD Ryzen,16 GB,512 GB,73888,39.62 cm
ASUS,Expertbook,Intel Core,16 GB,512 GB,65365,39.62 cm
MSI,Modern,Intel Core,8 GB,512 GB,58318,35.56 cm
MOTOROLA,Motobook,Intel Core,16 GB,512 GB,79990,35.56 cm
HP,15,AMD Athlon,8 GB,256 GB,47990,39.62 cm
Acer,TravelLite,AMD Ryzen,8 GB,512 GB,52990,35.56 cm
ASUS,Vivobook,AMD Ryzen,8 GB,512 GB,41990,39.62 cm
Samsung,Galaxy,Intel Core,8 GB,512 GB,60990,39.62 cm
ASUS,Vivobook,Snapdragon X,16 GB,512 GB,63990,40.64 cm
HP,14,Intel Core,16 GB,1 TB,90900,35.56 cm
Acer,Aspire,AMD Ryzen,16 GB,1 TB,74500,39.62 cm
DELL,15,AMD Ryzen,16 GB,512 GB,68939,38.1 cm
HP,Victus,Intel Core,16 GB,512 GB,104990,39.62 cm
Samsung,Galaxy,Snapdragon X,16 GB,512 GB,74990,39.62 cm
ASUS,Expertbook,AMD Ryzen,16 GB,512 GB,67990,39.62 cm
ASUS,Vivobook,AMD Ryzen,16 GB,512 GB,67990,39.62 cm
ASUS,ExpertBook,Intel Core,16 GB,512 GB,87925,35.56 cm
Acer,Aspire,Intel Core,16 GB,512 GB,92990,39.62 cm
ASUS,Vivobook,AMD Ryzen,8 GB,512 GB,54100,35.56 cm
Acer,Aspire,Intel Core,8 GB,512 GB,54990,39.62 cm
HP,14,Intel Core,16 GB,512 GB,86500,35.56 cm
Acer,Aspire,AMD Ryzen,8 GB,256 GB,47735,39.62 cm
Acer,Aspire,AMD Ryzen,16 GB,512 GB,56990,39.62 cm
ASUS,ROG,AMD Ryzen,16 GB,1 TB,154990,40.64 cm
ASUS,ExpertBook,Intel Core,32 GB,512 GB,99828,35.56 cm
ASUS,Vivobook,Intel Core,16 GB,512 GB,98990,35.56 cm
HP,15s,AMD Ryzen,8 GB,512 GB,52100,39.62 cm
ASUS,Vivobook,Intel Core,16 GB,512 GB,77016,40.64 cm
Lenovo,IdeaPad,Intel Core,16 GB,512 GB,73990,38.86 cm
Acer,Aspire,Intel Core,12 GB,512 GB,61990,39.62 cm
HP,Professional,Intel Core,16 GB,512 GB,78455,35.56 cm
Lenovo,LOQ,Intel Core,16 GB,512 GB,127990,39.62 cm
Lenovo,LOQ,Intel Core,16 GB,1 TB,147990,39.62 cm
ASUS,ROG,Intel Core,32 GB,1 TB,249990,40.64 cm
Acer,Aspire,Intel Celeron,8 GB,512 GB,35499,29.46 cm
MSI,Stealth,Intel Core,16 GB,2 TB,347990,43.94 cm
ASUS,TUF,AMD Ryzen,16 GB,1 TB,189990,40.64 cm
Lenovo,IdeaPad,Intel Core,16 GB,512 GB,74990,38.86 cm
Lenovo,AMD,AMD Ryzen,8 GB,512 GB,51990,39.62 cm
Acer,Aspire,Intel Core,8 GB,512 GB,59834,39.62 cm
ASUS,ExpertBook,Intel Core,16 GB,512 GB,87500,40.64 cm
ASUS,TUF,Intel Core,16 GB,1 TB,149990,40.64 cm
HP,HP,Intel Core,16 GB,512 GB,52721,39.62 cm
Apple,MacBook,Apple M5,16 GB,512 GB,179900,38.86 cm
Apple,MacBook,Apple M5,16 GB,512 GB,149900,34.54 cm
HP,Pavilion,Intel Core,16 GB,512 GB,92746,35.56 cm
HP,OmniBook,Intel Core,16 GB,512 GB,71990,40.64 cm
ASUS,Expertbook,Intel Core,16 GB,512 GB,73990,35.56 cm
Acer,Nitro,Intel Core,16 GB,512 GB,139990,39.62 cm
DELL,14,AMD Ryzen,16 GB,512 GB,73490,35.56 cm
HP,Omen,AMD Ryzen,24 GB,1 TB,174237,40.64 cm
HP,Victus,Intel Core,16 GB,512 GB,96958,40.89 cm
HP,15,AMD Ryzen,8 GB,512 GB,51499,39.62 cm
ASUS,Vivobook,AMD Ryzen,8 GB,512 GB,54990,35.56 cm
MSI,Commercial,Intel Core,32 GB,1 TB,92990,35.56 cm
ASUS,Vivobook,Intel Core,16 GB,512 GB,60980,39.62 cm
DELL,14,Intel Core,16 GB,512 GB,94135,35.56 cm
Acer,Aspire,Intel Core,16 GB,512 GB,68999,39.62 cm
HP,Victus,AMD Ryzen,24 GB,1 TB,164000,39.62 cm
Acer,Aspire,Intel Core,16 GB,512 GB,66309,39.62 cm
Acer,Acer,Intel Core,8 GB,512 GB,49990,39.62 cm
MOTOROLA,Motobook,Intel Core,16 GB,512 GB,74990,35.56 cm
ASUS,ExpertBook,Intel Core,16 GB,512 GB,86990,40.64 cm
ASUS,Vivobook,Snapdragon X,16 GB,512 GB,84557,40.64 cm
DELL,Inspiron,Intel Core,8 GB,512 GB,64990,39.62 cm
DELL,Intel,Intel Core,32 GB,1 TB,400450,40.64 cm
ASUS,Vivobook,Snapdragon X,16 GB,512 GB,74991,40.64 cm
Acer,Aspire,Intel Celeron,8 GB,512 GB,42990,39.62 cm
ASUS,Vivobook,Intel Core,16 GB,512 GB,62200,39.62 cm
ASUS,Vivobook,Snapdragon X,16 GB,512 GB,70990,35.56 cm
ASUS,ROG,Intel Core,16 GB,1 TB,204990,40.64 cm
Lenovo,LOQ,Intel Core,16 GB,512 GB,110990,39.62 cm
HP,(i5,Intel Core,16 GB,512 GB,69990,35.56 cm
HP,15s,Intel Core,8 GB,512 GB,70064,39.62 cm
Apple,MacBook,Apple M5,16 GB,512 GB,149900,34.54 cm
Acer,Aspire,AMD Ryzen,16 GB,512 GB,64643,39.62 cm
ASUS,TUF,AMD Ryzen,32 GB,1 TB,99990,39.62 cm
ASUS,Vivobook,Intel Core,8 GB,512 GB,58990,35.56 cm
Lenovo,Yoga,Intel Core,32 GB,1 TB,146890,35.56 cm
ASUS,ROG,Intel Core,16 GB,1 TB,169990,40.64 cm
HP,(i3,Intel Core,8 GB,512 GB,57990,39.62 cm
Lenovo,IdeaPad,Intel Core,32 GB,1 TB,135990,35.56 cm
Acer,Aspire,Intel Core,16 GB,512 GB,87498,39.62 cm
Acer,Nitro,AMD Ryzen,16 GB,512 GB,85999,39.62 cm
Lenovo,LOQ,Intel Core,12 GB,512 GB,80090,39.62 cm
ASUS,Vivobook,AMD Ryzen,16 GB,1 TB,86990,35.56 cm
DELL,15,Intel Core,16 GB,512 GB,71990,39.62 cm
DELL,15,Intel Core,16 GB,512 GB,78990,39.62 cm
Apple,MacBook,Apple M5,16 GB,512 GB,149900,34.54 cm
Lenovo,LOQ,Intel Core,16 GB,512 GB,118990,39.62 cm
HP,HyperX,Intel Core,24 GB,1 TB,189998,38.86 cm
Acer,Travellite,Intel Core,8 GB,512 GB,56990,35.56 cm
Acer,Intel,Intel Core,8 GB,512 GB,47990,39.62 cm
HP,255,AMD Athlon,8 GB,256 GB,47048,39.62 cm
Lenovo,IdeaPad,AMD Ryzen,16 GB,512 GB,64990,39.62 cm
Apple,Macbook,Apple A18,8 GB,256 GB,79900,33.02 cm
DELL,Vostro,Intel Core,16 GB,512 GB,70999,39.62 cm
ASUS,Vivobook,Intel Core,16 GB,512 GB,111990,35.56 cm
Lenovo,IdeaPad,Intel Core,16 GB,512 GB,72990,38.86 cm
Lenovo,LQQ,AMD Ryzen,16 GB,512 GB,132990,39.62 cm
ASUS,Gaming,Intel Core,16 GB,512 GB,118999,40.64 cm
Lenovo,Yoga,Intel Core,16 GB,1 TB,101990,35.56 cm
HP,Omnibook,Intel Core,16 GB,512 GB,72990,40.64 cm
Acer,One,AMD Ryzen,8 GB,512 GB,47990,35.56 cm
ASUS,Vivobook,Intel Core,16 GB,512 GB,86500,35.56 cm
Acer,Aspire,Intel Core,16 GB,512 GB,96990,39.62 cm
HP,245,AMD Ryzen,8 GB,512 GB,57538,35.81 cm
DELL,Inspiron,Intel Core,8 GB,512 GB,64990,39.62 cm
Lenovo,LOQ,Intel Core,16 GB,512 GB,98900,39.62 cm
Acer,Aspire,Intel Core,8 GB,512 GB,54512,35.56 cm
HP,250R,Intel Core,8 GB,512 GB,53990,39.62 cm
Lenovo,IdeaPad,Snapdragon X,16 GB,1 TB,105000,35.56 cm
ASUS,Vivobook,Intel Core,16 GB,512 GB,111990,35.56 cm
Apple,Macbook,Apple A18,8 GB,512 GB,89900,33.02 cm
DELL,15,Intel Core,16 GB,512 GB,69990,39.62 cm
ASUS,Vivobook,Intel Core,8 GB,512 GB,66474,39.62 cm
Lenovo,Legion,AMD Ryzen,16 GB,1 TB,186490,38.86 cm
HP,15,AMD Ryzen,16 GB,512 GB,79990,39.62 cm
ASUS,Vivobook,Snapdragon X,16 GB,512 GB,72787,35.56 cm
DELL,15,AMD Ryzen,8 GB,512 GB,55990,38.1 cm
DELL,Inspiron,Intel Core,8 GB,512 GB,54600,38.1 cm
HP,15,Intel Core,16 GB,512 GB,50843,39.62 cm
Lenovo,AMD,AMD Ryzen,16 GB,512 GB,99000,35.56 cm
Acer,Aspire,Intel Celeron,12 GB,512 GB,45000,39.62 cm
ASUS,Vivobook,AMD Ryzen,16 GB,512 GB,70990,39.62 cm
Lenovo,LOQ,Intel Core,16 GB,1 TB,162090,39.62 cm
MICROSOFT,Surface,Snapdragon X,16 GB,512 GB,156622,30.48 cm
Acer,Aspire,AMD Ryzen,16 GB,1 TB,75999,39.62 cm
ASUS,Zenbook,Intel Core,16 GB,512 GB,96990,35.56 cm
DELL,14,Intel Core,16 GB,512 GB,102990,35.56 cm
ASUS,VivoBook,AMD Ryzen,8 GB,512 GB,73990,35.56 cm
Lenovo,IdeaPad,Intel Core,8 GB,512 GB,54990,39.62 cm
DELL,G15,Intel Core,16 GB,1 TB,110990,39.62 cm
ASUS,TUF,Intel Core,16 GB,512 GB,50990,43.94 cm
Samsung,Galaxy,Intel Core,32 GB,1 TB,214990,35.56 cm
Acer,Aspire,Intel Core,16 GB,512 GB,84999,35.56 cm
HP,Victus,Intel Core,16 GB,512 GB,97599,39.62 cm
ASUS,Intel,Intel Core,16 GB,512 GB,78999,35.56 cm
ASUS,Vivobook,AMD Ryzen,16 GB,512 GB,69990,39.62 cm
Acer,Swift,Intel Core,8 GB,512 GB,70990,35.56 cm
Lenovo,Legion,Intel Core,32 GB,1 TB,228490,40.64 cm
Samsung,Galaxy,Intel Core,16 GB,1 TB,147926,33.78 cm
MSI,Modern,Intel Core,16 GB,1 TB,64990,38.1 cm
DELL,16,AMD Ryzen,16 GB,512 GB,72490,40.64 cm
Acer,Aspire,AMD Ryzen,8 GB,512 GB,59991,35.56 cm
ASUS,ROG,AMD Ryzen,16 GB,1 TB,198999,40.64 cm
HP,15s,Intel Core,8 GB,512 GB,58990,39.62 cm
Acer,Aspire,AMD Ryzen,8 GB,256 GB,39990,39.62 cm
Lenovo,LOQ,Intel Core,16 GB,512 GB,93990,39.62 cm
Lenovo,LOQ,Intel Core,16 GB,1 TB,177990,39.62 cm
Acer,Nitro,Intel Core,16 GB,512 GB,106999,39.62 cm
ASUS,VivoBook,Intel Core,8 GB,256 GB,50990,35.56 cm
Acer,Predator,Intel Core,16 GB,1 TB,188990,40.64 cm
Acer,Aspire,Intel Core,8 GB,512 GB,54647,39.62 cm
Lenovo,IdeaPad,AMD Ryzen,16 GB,512 GB,61890,39.62 cm
ASUS,Vivobook,Intel Core,4 GB,512 GB,49990,35.56 cm
Lenovo,V,AMD Ryzen,16 GB,512 GB,59990,39.62 cm
MSI,Modern,Intel Core,16 GB,512 GB,52990,35.56 cm
Acer,Aspire,Intel Core,16 GB,512 GB,64990,39.62 cm
HP,Pavilion,Intel Core,16 GB,512 GB,98999,35.56 cm
ASUS,TUF,AMD Ryzen,16 GB,512 GB,73990,39.62 cm
HP,EliteBook,AMD Ryzen,16 GB,512 GB,94995,35.56 cm
DELL,PRO,AMD Ryzen,8 GB,512 GB,52999,39.62 cm
ASUS,Expertbook,Intel Core,32 GB,1 TB,105000,35.56 cm
DELL,15,Intel Core,16 GB,512 GB,87990,39.62 cm
Acer,Aspire,Intel Core,16 GB,512 GB,68900,39.62 cm
ASUS,ExpertBook,Intel Core,32 GB,1 TB,272990,35.56 cm
HP,15s,Intel Core,8 GB,512 GB,52400,39.62 cm
Lenovo,IdeaPad,AMD Ryzen,8 GB,512 GB,59795,39.62 cm
HP,Intel,Intel Core,16 GB,512 GB,87500,39.62 cm
HP,Pavilion,Intel Core,16 GB,1 TB,77002,39.62 cm
Lenovo,AMD,AMD Ryzen,16 GB,512 GB,60900,39.62 cm
ASUS,Vivobook,AMD Ryzen,16 GB,512 GB,72990,40.64 cm
WarnerCann,Hi5,Intel Core,8 GB,256 GB,32944,35.56 cm
DELL,Inspiron,Intel Core,8 GB,512 GB,54980,35.56 cm
ASUS,Vivobook,Intel Core,16 GB,512 GB,68806,39.62 cm
Acer,Aspire,Intel Core,8 GB,512 GB,47990,39.62 cm
ASUS,Expertbook,Intel Core,16 GB,512 GB,85660,35.56 cm
Lenovo,LOQ,AMD Ryzen,24 GB,512 GB,104290,39.62 cm
HP,Pavilion,AMD Ryzen,16 GB,512 GB,85290,33.78 cm
Samsung,Galaxy,Intel Core,16 GB,1 TB,146990,40.64 cm
HP,15,Intel Core,16 GB,512 GB,79990,39.62 cm
Acer,Aspire,Intel Core,12 GB,512 GB,61990,39.62 cm
ASUS,Vivobook,AMD Ryzen,8 GB,512 GB,46990,39.62 cm
Lenovo,Idea,Intel Core,16 GB,512 GB,79211,38.86 cm
MSI,Cyborg,Intel Core,16 GB,512 GB,89990,39.62 cm
Apple,Macbook,Apple A18,8 GB,512 GB,89900,33.02 cm
DELL,14,Intel Core,16 GB,512 GB,102990,35.56 cm
HP,G10,AMD Ryzen,8 GB,512 GB,56990,35.56 cm
DELL,14,Intel Core,16 GB,512 GB,81646,35.56 cm
HP,Pavilion,Intel Core,16 GB,1 TB,82990,39.62 cm
ASUS,Vivobook,Intel Snapdragon,16 GB,512 GB,66411,40.64 cm
HP,15s,Intel Core,8 GB,512 GB,53990,39.62 cm
ASUS,Vivobook,Intel Core,8 GB,512 GB,52990,39.62 cm
Lenovo,IdeaPad,AMD Ryzen,16 GB,512 GB,63795,39.62 cm
Acer,Aspire,Intel Core,8 GB,512 GB,48490,39.62 cm
ASUS,Vivobook,Intel Core,16 GB,512 GB,88999,39.62 cm
DELL,15,Intel Core,16 GB,512 GB,60720,38.1 cm
Lenovo,Yoga,Intel Core,16 GB,1 TB,158900,35.56 cm
ASUS,Gaming,Intel Core,16 GB,512 GB,119990,40.64 cm
ASUS,Vivobook,Intel Core,12 GB,512 GB,52990,39.62 cm
ASUS,TUF,AMD Ryzen,16 GB,512 GB,108999,39.62 cm
Acer,Aspire,Intel Core,8 GB,512 GB,47990,39.62 cm
DELL,14,AMD Ryzen,16 GB,1 TB,107083,35.56 cm
Acer,Aspire,Intel Core,16 GB,512 GB,64900,2.54 cm
Lenovo,IdeaPad,Intel Core,16 GB,512 GB,74900,38.86 cm
ASUS,Expertbook,AMD Ryzen,16 GB,512 GB,67990,35.56 cm
ASUS,Vivobook,Intel Core,8 GB,512 GB,59499,35.56 cm
Lenovo,LOQ,Intel Core,16 GB,1 TB,177990,39.62 cm
Lenovo,IdeaPad,Intel Core,16 GB,512 GB,73990,39.62 cm
Lenovo,LOQ,Intel Core,16 GB,512 GB,95900,39.62 cm
HP,OMEN,Intel Core,16 GB,1 TB,153890,40.89 cm
ASUS,ROG,AMD Ryzen,16 GB,1 TB,289990,40.64 cm
Lenovo,IdeaPad,Intel Core,8 GB,512 GB,39572,35.56 cm
Acer,Aspire,AMD Ryzen,8 GB,512 GB,45990,39.62 cm
HP,Pavilion,Intel Core,16 GB,512 GB,85990,35.56 cm
Lenovo,Legion,Intel Core,16 GB,512 GB,169990,38.86 cm
Acer,Aspire,Intel Core,16 GB,512 GB,75500,35.56 cm
HP,Victus,Intel Core,16 GB,512 GB,95600,39.62 cm
HP,Pavilion,Intel Core,16 GB,512 GB,81342,35.56 cm
Acer,Aspire,AMD Ryzen,16 GB,1 TB,67990,39.62 cm
ASUS,ROG,AMD Ryzen,32 GB,1 TB,227990,39.62 cm
Acer,Swift,Intel Core,16 GB,512 GB,84999,35.56 cm
Acer,Aspire,AMD Ryzen,8 GB,512 GB,46990,39.62 cm
Acer,Aspire,AMD Ryzen,8 GB,512 GB,54990,39.62 cm
DELL,PRO,Intel Core,8 GB,512 GB,53990,39.62 cm
Lenovo,Intel,Intel Core,8 GB,512 GB,57011,35.56 cm
DELL,PRO,Intel Core,8 GB,512 GB,54990,39.62 cm
Ultimus,APEX,Intel Core,8 GB,512 GB,49998,35.81 cm
Infinix,B15,AMD Ryzen,16 GB,512 GB,59990,39.62 cm
HP,250R,Intel Core,8 GB,512 GB,52435,39.62 cm
Acer,Aspire,Intel Celeron,12 GB,256 GB,39990,35.56 cm
Lenovo,LOQ,Intel Core,16 GB,512 GB,94999,39.62 cm
HP,Intel,Intel Core,16 GB,1 TB,83001,39.62 cm
DELL,14,Intel Core,16 GB,512 GB,95000,35.56 cm
Apple,MacBook,Apple M5,16 GB,512 GB,179900,38.86 cm
ASUS,Vivobook,Intel Core,8 GB,512 GB,46990,39.62 cm
ASUS,ExpertBook,Intel Core,16 GB,512 GB,76990,39.62 cm
MSI,Thin,Intel Core,16 GB,512 GB,98890,39.62 cm
ASUS,ProArt,Snapdragon X,16 GB,1 TB,176000,33.78 cm
HP,Victus,AMD Ryzen,16 GB,512 GB,89990,39.62 cm
ASUS,Vivobook,AMD Ryzen,8 GB,512 GB,41990,39.62 cm
ASUS,Vivobook,AMD Ryzen,16 GB,512 GB,64475,39.62 cm
Lenovo,IdeaPad,Intel Core,8 GB,512 GB,55000,39.62 cm
Lenovo,IdeaPad,Intel Core,8 GB,512 GB,54990,39.62 cm
ASUS,Vivobook,Intel Core,16 GB,512 GB,68490,39.62 cm
HP,Pavilion,Intel Core,16 GB,512 GB,72990,39.62 cm
ASUS,TUF,Intel Core,16 GB,1 TB,142998,40.64 cm
ASUS,Vivobook,Intel Core,16 GB,512 GB,89999,39.62 cm
Lenovo,Yoga,Intel Core,16 GB,512 GB,94000,35.56 cm
DELL,Inspiron,Intel Core,16 GB,512 GB,90783,39.62 cm
ASUS,Vivobook,AMD Ryzen,16 GB,512 GB,94990,40.64 cm
Lenovo,IdeaPad,Intel Core,32 GB,1 TB,155500,35.56 cm
Lenovo,IdeaPad,Intel Core,16 GB,512 GB,73990,39.62 cm
Infinix,GT,Intel Core,16 GB,512 GB,99990,40.64 cm
HP,255R,AMD Ryzen,8 GB,512 GB,51990,39.62 cm
Lenovo,V14,Intel Core,8 GB,512 GB,89455,35.56 cm
Lenovo,IdeaPad,AMD Ryzen,8 GB,512 GB,59999,39.62 cm
HP,Pavilion,Intel Core,16 GB,512 GB,73688,35.56 cm
Lenovo,LOQ,Intel Core,16 GB,512 GB,98500,39.62 cm
HP,Pavilion,AMD Ryzen,16 GB,1 TB,86490,35.56 cm
Acer,Aspire,Intel Core,16 GB,512 GB,79990,39.62 cm
ASUS,TUF,AMD Ryzen,16 GB,512 GB,93990,39.62 cm
ASUS,Intel,Intel Core,16 GB,512 GB,105199,39.62 cm
HP,15s,AMD Ryzen,16 GB,512 GB,71000,39.62 cm
ASUS,Vivobook,Intel Core,16 GB,512 GB,111999,39.62 cm
ASUS,VivoBook,AMD Ryzen,16 GB,512 GB,75934,39.62 cm
ASUS,Vivobook,Intel Core,16 GB,512 GB,65990,35.56 cm
ASUS,TUF,AMD Ryzen,16 GB,512 GB,142299,40.64 cm
ASUS,Vivobook,Intel Core,16 GB,512 GB,93901,40.64 cm
Infinix,Y4,Intel Core,16 GB,512 GB,59990,40.64 cm
ASUS,VivoBook,Intel Core,8 GB,1 TB,59876,35.56 cm
Lenovo,LOQ,Intel Core,16 GB,512 GB,111500,39.62 cm
ASUS,Vivobook,Intel Core,16 GB,512 GB,66990,35.56 cm
Acer,Aspire,Intel Core,16 GB,512 GB,74999,35.56 cm
DELL,MSO'2021,Processor: Intel,RAM &,RAM &,50699,"Display: 15.6"""
Lenovo,IdeaPad,Intel Core,16 GB,512 GB,62020,39.62 cm
GIGABYTE,AORUS,Intel Core,16 GB,1 TB,215300,39.62 cm
MSI,Modern,Intel Core,8 GB,512 GB,58985,35.56 cm
HP,AMD,AMD Athlon,8 GB,256 GB,47600,39.62 cm
HP,OmniBook,Snapdragon X,16 GB,512 GB,97000,35.56 cm
HP,Laptop,AMD Ryzen,8 GB,512 GB,52990,39.37 cm
MICROSOFT,Surface,Snapdragon X,16 GB,256 GB,147622,30.48 cm
Acer,Aspire,Intel Celeron,8 GB,256 GB,36990,39.62 cm
ASUS,Vivobook,Intel Core,16 GB,512 GB,51990,39.62 cm
HP,Intel,Intel Celeron,8 GB,512 GB,25499,39.62 cm
ASUS,Vivobook,AMD Ryzen,16 GB,512 GB,64991,39.62 cm
ASUS,Vivobook,Intel Core,8 GB,512 GB,44990,39.62 cm
HP,Pavilion,Intel Core,16 GB,512 GB,82896,35.56 cm
HP,AMD,AMD Ryzen,8 GB,512 GB,58990,39.62 cm
Lenovo,IdeaPad,Intel Core,16 GB,512 GB,79900,39.62 cm
ASUS,Vivobook,Intel Core,16 GB,512 GB,98999,40.64 cm
HP,Omnibook,AMD Ryzen,16 GB,512 GB,77500,39.62 cm
Infinix,GT,Intel Core,16 GB,512 GB,99990,40.64 cm
DELL,Inspiron,Intel Core,16 GB,1 TB,79990,39.62 cm
Apple,MacBook,Apple M5,24 GB,2 TB,359900,35.56 cm
HP,14s,Intel Core,8 GB,512 GB,62286,35.56 cm
HP,15,AMD Ryzen,8 GB,512 GB,52990,39.62 cm
Lenovo,LOQ,Intel Core,16 GB,1 TB,178990,39.62 cm
HP,Intel,Intel Core,8 GB,512 GB,59279,35.56 cm
Samsung,Galaxy,Intel Core,16 GB,512 GB,88990,39.62 cm
ASUS,Expertbook,Intel Core,32 GB,512 GB,88990,39.62 cm
Lenovo,V14,AMD Ryzen,8 GB,512 GB,49599,35.56 cm
HP,15,AMD Athlon,8 GB,256 GB,45990,39.62 cm
DELL,Inspiron,Intel Core,8 GB,512 GB,50783,39.62 cm
HP,Victus,Intel Core,24 GB,512 GB,99480,39.62 cm
Lenovo,V,AMD Ryzen,8 GB,512 GB,50999,39.62 cm
HP,AMD,AMD Ryzen,8 GB,512 GB,58990,39.62 cm
HP,AMD,AMD Ryzen,16 GB,512 GB,79850,35.56 cm
HP,AMD,AMD Ryzen,8 GB,512 GB,52998,35.56 cm
Acer,Intel,Intel Core,8 GB,512 GB,55500,39.62 cm
HP,Envy13,Intel Core,16 GB,512 GB,88999,85.8 cm
ASUS,Zenbook,Intel Core,32 GB,1 TB,159000,35.56 cm
Lenovo,LOQ,Intel Core,16 GB,1 TB,168990,39.62 cm
Lenovo,IdeaPad,Intel Core,16 GB,512 GB,74808,38.86 cm
GIGABYTE,AORUS,Intel Core,16 GB,1 TB,222750,39.62 cm
Acer,Extensa,Intel Core,8 GB,512 GB,61990,39.62 cm
ASUS,Intel,Intel Core,12 GB,512 GB,58499,39.62 cm
ASUS,ROG,AMD Ryzen,32 GB,1 TB,370998,34.04 cm
DELL,Inspiron,Intel Core,8 GB,512 GB,54890,35.56 cm
Acer,One,Intel Core,8 GB,512 GB,43999,35.56 cm
Lenovo,IdeaPad,Intel Core,8 GB,512 GB,59990,39.62 cm
DELL,Inspiron,Intel Core,16 GB,512 GB,71990,39.62 cm
walker,Intel,Intel Celeron,4 GB,128 GB,30000,35.81 cm
HP,Victus,Intel Core,24 GB,512 GB,125990,39.62 cm
Lenovo,IdeaPad,AMD Ryzen,8 GB,512 GB,34899,39.62 cm
Acer,Intel,Intel Core,8 GB,512 GB,58999,35.56 cm
ASUS,TUF,Intel Core,16 GB,512 GB,125990,40.64 cm
HP,255,AMD Ryzen,8 GB,512 GB,55951,39.62 cm
Acer,Aspire,Intel Core,8 GB,512 GB,54990,39.62 cm
HP,15,AMD Ryzen,16 GB,512 GB,72300,39.62 cm
ASUS,Vivobook,Intel Core,16 GB,512 GB,96990,40.64 cm
DELL,Inspiron,Intel Core,8 GB,512 GB,50868,39.62 cm
Lenovo,LOQ,Intel Core,16 GB,1 TB,159900,39.62 cm
HP,OMEN,AMD Ryzen,16 GB,1 TB,134191,40.89 cm
ASUS,Gaming,Intel Core,16 GB,512 GB,99990,40.64 cm
Infinix,X,Intel Core,16 GB,512 GB,69990,35.56 cm
DELL,Intel,Processor: Intel,RAM &,RAM &,68990,"Display: 15.6"""
HP,Intel,Intel Core,16 GB,512 GB,76800,39.62 cm
HP,15,AMD Ryzen,8 GB,512 GB,58567,39.62 cm
Acer,Travellite,AMD Ryzen,8 GB,512 GB,44990,35.56 cm
HP,Intel,Intel Core,8 GB,1 TB,74838,39.62 cm
HP,250,Intel Core,8 GB,512 GB,57990,39.62 cm
MSI,Thin,AMD Ryzen,16 GB,512 GB,72990,39.62 cm
ASUS,TUF,Intel Core,8 GB,512 GB,75000,43.94 cm
HP,15,Intel Core,16 GB,512 GB,69990,39.62 cm
ASUS,Vivobook,AMD Ryzen,16 GB,512 GB,56999,39.62 cm
ASUS,Vivobook,Intel Core,8 GB,512 GB,57999,39.62 cm
HP,255,AMD Ryzen,8 GB,512 GB,59280,39.62 cm
HP,HP,Intel Core,12 GB,512 GB,55990,39.62 cm
ASUS,VivoBook,AMD Ryzen,8 GB,512 GB,48900,35.56 cm
HP,Victus,AMD Ryzen,16 GB,512 GB,97970,39.62 cm
ASUS,Vivobook,Intel Core,8 GB,512 GB,67290,39.62 cm
HP,15s,Intel Core,8 GB,512 GB,79990,39.62 cm
HP,Intel,Intel Core,8 GB,1 TB,55050,39.62 cm
ASUS,Intel,Intel Core,16 GB,512 GB,71000,40.64 cm
Infinix,Inbook,Intel Core,16 GB,512 GB,69990,39.62 cm
HP,255,AMD Ryzen,16 GB,512 GB,70000,39.62 cm
Lenovo,V,Intel Core,8 GB,512 GB,62300,35.56 cm
ASUS,TUF,Intel Core,16 GB,512 GB,64990,39.62 cm
DELL,PRO,Intel Core,16 GB,512 GB,65990,39.62 cm
ASUS,Vivobook,Intel Core,16 GB,512 GB,92534,40.64 cm
HP,Intel,Intel Core,8 GB,512 GB,63000,39.62 cm
Acer,Aspire,Intel Core,16 GB,512 GB,53000,35.56 cm
MICROSOFT,Surface,Intel Core,8 GB,256 GB,107999,34.29 cm
HP,AMD,AMD Ryzen,8 GB,512 GB,77015,39.62 cm
ASUS,Vivobook,Intel Core,16 GB,512 GB,92476,40.64 cm
HP,255,AMD Athlon,8 GB,256 GB,48590,39.62 cm
Colorful,P15,Intel Core,16 GB,512 GB,139999,39.62 cm
ASUS,Vivobook,Intel Core,16 GB,1 TB,119990,39.62 cm
ASUS,Zenbook,Intel Core,32 GB,1 TB,170470,35.56 cm
Acer,Predator,Intel Core,16 GB,1 TB,179990,40.64 cm
Colorful,P15,Intel Core,16 GB,512 GB,119999,39.62 cm
HP,15s,Intel Core,8 GB,512 GB,69410,39.62 cm
ASUS,Vivobook,Intel Core,8 GB,512 GB,69590,39.62 cm
DELL,Inspiron,Intel Core,8 GB,512 GB,50800,39.62 cm
ASUS,ROG,Intel Core,32 GB,2 TB,359990,40.64 cm
HP,15s,Intel Core,8 GB,512 GB,57990,39.62 cm
Acer,Chromebook,Intel Core,8 GB,256 GB,49999,35.56 cm
HP,255,AMD Ryzen,8 GB,512 GB,52990,39.62 cm
HP,Victus,Intel Core,16 GB,512 GB,101705,39.62 cm
ASUS,ExpertBook,Intel Core,16 GB,512 GB,94080,39.62 cm
DELL,Intel,Intel Core,8 GB,256 GB,50639,39.62 cm
Acer,NITRO,Intel Core,16 GB,512 GB,118000,40.64 cm
HP,AMD,AMD Ryzen,16 GB,512 GB,69950,39.62 cm
Acer,Aspire,Intel Core,16 GB,512 GB,81990,39.62 cm
DELL,Inspiron,Snapdragon X,16 GB,512 GB,89900,35.56 cm
Acer,Nitro,AMD Ryzen,8 GB,512 GB,79999,39.62 cm
HP,Omnibook,Snapdragon X,16 GB,512 GB,91990,35.56 cm
ASUS,Expertbook,Intel Core,8 GB,512 GB,59990,35.56 cm
DELL,15,Intel Core,16 GB,512 GB,103990,39.62 cm
ASUS,Vivobook,AMD Ryzen,16 GB,1 TB,162990,40.64 cm
ASUS,Vivobook,Intel Core,16 GB,512 GB,105990,35.56 cm
ASUS,Vivobook,Intel Core,16 GB,512 GB,98990,40.64 cm
ASUS,Vivobook,Intel Core,8 GB,512 GB,58999,35.56 cm
MSI,Katana,Intel Core,16 GB,1 TB,97990,39.62 cm
HP,Victus,Intel Core,16 GB,512 GB,89999,39.62 cm
ASUS,Vivobook,Intel Core,16 GB,512 GB,69999,35.56 cm
Acer,Aspire,Intel Celeron,8 GB,512 GB,39990,2.54 cm
Acer,Aspire,Intel Core,16 GB,512 GB,69515,39.62 cm
HP,14,Intel Core,16 GB,512 GB,84990,35.56 cm
ASUS,Expertbook,Intel Core,8 GB,512 GB,59702,39.62 cm
Samsung,Galaxy,Intel Core,32 GB,1 TB,146990,39.62 cm
HP,{2026},AMD Ryzen,8 GB,512 GB,56765,39.62 cm
HP,OmniBook,AMD Ryzen,16 GB,512 GB,106308,33.78 cm
HP,250,Intel Core,16 GB,512 GB,68999,39.62 cm
Lenovo,V,Intel Core,16 GB,512 GB,68999,39.62 cm
ASUS,Vivobook,AMD Ryzen,8 GB,512 GB,50999,35.56 cm
ASUS,ROG,AMD Ryzen,16 GB,1 TB,199990,35.56 cm
DELL,14,Intel Core,8 GB,512 GB,54990,35.56 cm
ASUS,Vivobook,Intel Core,16 GB,512 GB,69990,39.62 cm
HP,AMD,AMD Ryzen,16 GB,512 GB,69950,39.62 cm
HP,Intel,Intel Pentium,8 GB,512 GB,52890,39.62 cm
Infinix,Intel,Intel Core,16 GB,1 TB,89990,39.62 cm
Lenovo,V,Intel Core,16 GB,512 GB,75990,35.56 cm
DELL,Intel,Intel Core,8 GB,512 GB,50000,39.62 cm
DELL,15,AMD Ryzen,8 GB,512 GB,54420,39.62 cm
Acer,Swift,Snapdragon X,16 GB,512 GB,109358,36.83 cm
Lenovo,IdeaPad,AMD Ryzen,16 GB,1 TB,160000,40.64 cm
Lenovo,IdeaPad,Intel Core,8 GB,512 GB,37890,39.62 cm
HP,OmniBook,Intel Core,16 GB,512 GB,85000,40.64 cm
DELL,Inspiron,Intel Core,8 GB,512 GB,65999,39.62 cm
Acer,Intel,Intel Core,16 GB,512 GB,62499,35.56 cm
HP,Envy,AMD Ryzen,16 GB,512 GB,99004,39.62 cm
DELL,Alienware,Intel Core,16 GB,1 TB,320926,39.62 cm
ASUS,Expertbook,Intel Core,8 GB,512 GB,47990,35.56 cm
Samsung,Galaxy,Intel Core,8 GB,512 GB,86239,39.62 cm
ASUS,TUF,Intel Core,16 GB,512 GB,105500,40.64 cm
ASUS,Vivobook,Intel Core,16 GB,512 GB,65990,35.56 cm
MSI,Cyborg,Intel Core,16 GB,1 TB,107990,39.62 cm
HP,Professional,Intel Core,16 GB,1 TB,82990,35.56 cm
HP,Victus,Intel Core,16 GB,512 GB,97999,39.62 cm
ASUS,Vivobook,Intel Core,16 GB,512 GB,69990,39.62 cm
ASUS,ZenBook,Intel Core,16 GB,1 TB,209990,39.62 cm
Lenovo,IdeaPad,AMD Ryzen,8 GB,512 GB,63390,39.62 cm
ASUS,ExpertBook,Intel Core,8 GB,512 GB,65990,35.56 cm
ASUS,Expertbook,Intel Core,32 GB,1 TB,139990,35.56 cm
WarnerCann,Hi5,Intel Core,16 GB,256 GB,43686,35.56 cm
DELL,Inspiron,Intel Core,16 GB,512 GB,101613,40.64 cm
HP,Laptop,Intel Core,8 GB,512 GB,55090,39.62 cm
ASUS,Vivobook,Intel Core,16 GB,512 GB,78921,35.56 cm
ASUS,Vivobook,Intel Core,8 GB,512 GB,60769,39.62 cm
ASUS,Vivobook,Intel Core,16 GB,512 GB,81990,40.64 cm
MSI,Thin,AMD Ryzen,16 GB,1 TB,92990,39.62 cm
HP,255R,AMD Ryzen,8 GB,512 GB,58991,39.62 cm
Lenovo,ThinkBook,AMD Ryzen,16 GB,512 GB,69400,40.64 cm
HP,Victus,Intel Core,8 GB,512 GB,89990,39.62 cm
ASUS,VivoBook,Intel Core,8 GB,512 GB,69999,35.56 cm
HP,250R,Intel Core,16 GB,512 GB,65990,39.62 cm
HP,15s,AMD Ryzen,8 GB,512 GB,54552,39.62 cm
ASUS,Vivobook,Intel Core,8 GB,512 GB,55500,39.62 cm
Acer,Aspire,Intel Core,8 GB,512 GB,47990,39.62 cm
MSI,Creator,Intel Core,32 GB,2 TB,304990,43.18 cm
DELL,Latitude,Intel Core,8 GB,512 GB,50000,39.62 cm
HP,255,AMD Athlon,8 GB,256 GB,46990,39.62 cm
MSI,Creator,Intel Core,32 GB,2 TB,299990,43.18 cm
ASUS,ROG,AMD Ryzen,16 GB,1 TB,148990,35.56 cm
Lenovo,IdeaPad,Intel Celeron,4 GB,256 GB,27290,29.46 cm
ASUS,Vivobook,Intel Core,8 GB,512 GB,60000,35.56 cm
ASUS,Expertbook,Intel Core,32 GB,512 GB,71990,39.62 cm
Lenovo,V,Intel Core,8 GB,512 GB,59999,40.64 cm
Acer,Swift,Intel Core,16 GB,1 TB,87890,2.54 cm
DELL,Inspiron,Intel Core,8 GB,1 TB,50998,39.62 cm
HP,250R,Intel Core,16 GB,512 GB,62990,39.62 cm
HP,Intel,Intel Core,16 GB,512 GB,69999,39.62 cm
ASUS,Vivobook,AMD Ryzen,16 GB,512 GB,68500,39.62 cm
Samsung,Galaxy,Intel Core,16 GB,1 TB,175099,40.64 cm
HP,240,Intel Core,8 GB,512 GB,67980,35.56 cm
ASUS,Vivobook,Intel Core,8 GB,512 GB,58100,39.62 cm
HP,Pavilion,Intel Core,16 GB,1 TB,106000,35.56 cm
Acer,Swift,Intel Core,8 GB,512 GB,62589,35.56 cm
Lenovo,V,Intel Core,8 GB,512 GB,54999,39.62 cm
ASUS,Vivobook,Intel Core,16 GB,512 GB,64990,39.62 cm
Infinix,X1,Intel Core,16 GB,512 GB,64999,35.56 cm
HP,15,AMD Ryzen,8 GB,512 GB,55476,39.62 cm
HP,Intel,Intel Core,8 GB,512 GB,58102,39.62 cm
Infinix,Intel,Intel Core,8 GB,512 GB,64990,35.56 cm
Avita,PURA,AMD Ryzen,8 GB,512 GB,51490,35.81 cm
Lenovo,IdeaPad,Intel Core,16 GB,512 GB,95999,35.56 cm
HP,Pavilion,Intel Core,8 GB,512 GB,54597,39.62 cm
Acer,Predator,Intel Core,16 GB,1 TB,140990,39.62 cm
Acer,Aspire,Intel Core,8 GB,512 GB,67330,35.56 cm
ASUS,ExpertBook,Intel Core,16 GB,512 GB,82954,39.62 cm
Lenovo,IdeaPad,Intel Core,8 GB,512 GB,54990,39.62 cm
HP,15s,AMD Ryzen,16 GB,512 GB,72980,39.62 cm
Acer,Aspire,Intel Core,8 GB,512 GB,88999,39.62 cm
DELL,Intel,Intel Core,16 GB,512 GB,70999,39.62 cm
HP,15R,Intel Core,8 GB,512 GB,57990,39.62 cm
Acer,Aspire,Intel Core,8 GB,512 GB,51990,39.62 cm
Acer,Swift,Intel Core,16 GB,512 GB,97999,35.56 cm
ASUS,Vivobook,Intel Core,16 GB,512 GB,78999,39.62 cm
ASUS,ROG,Intel Core,16 GB,1 TB,199000,40.64 cm
DELL,Dell,AMD Ryzen,8 GB,512 GB,53940,39.62 cm
Acer,Nitro,AMD Ryzen,8 GB,1 TB,99999,39.62 cm
Acer,Aspire,Intel Core,8 GB,512 GB,56991,35.56 cm
HP,15s,Intel Core,8 GB,512 GB,57890,39.62 cm
DELL,Inspiron,Intel Core,16 GB,512 GB,68999,39.62 cm
HP,250R,Intel Core,8 GB,512 GB,54990,39.62 cm
Infinix,X3,Intel Core,16 GB,512 GB,69990,35.56 cm
Infinix,X1,Intel Core,8 GB,512 GB,59999,35.56 cm
Acer,Aspire,Intel Core,16 GB,512 GB,89500,39.62 cm
HP,240R,Intel Core,16 GB,512 GB,69990,35.56 cm
HP,Intel,Intel Core,16 GB,512 GB,88000,39.62 cm
ASUS,Vivobook,AMD Ryzen,16 GB,512 GB,58999,39.62 cm
ASUS,Vivobook,Intel Core,16 GB,512 GB,96000,40.64 cm
Lenovo,Legion,Intel Core,16 GB,1 TB,184690,40.64 cm
ASUS,ASUS,Intel Core,16 GB,512 GB,78199,40.64 cm
HP,15,AMD Ryzen,8 GB,512 GB,52990,39.62 cm
HP,255R,AMD Ryzen,8 GB,512 GB,53990,39.62 cm
HP,Pavilion,AMD Ryzen,16 GB,1 TB,99999,33.78 cm
HP,HP,AMD Ryzen,16 GB,512 GB,74990,39.62 cm
ASUS,Vivobook,AMD Ryzen,8 GB,1 TB,56991,35.56 cm
ASUS,TUF,Intel Core,8 GB,512 GB,77999,39.62 cm
HP,Chromebook,Intel Celeron,4 GB,256 GB,52839,35.56 cm
HP,15,Intel Core,16 GB,512 GB,72998,39.62 cm
Apple,2021,Apple M1,16 GB,1 TB,239900,36.07 cm
Samsung,Galaxy,Intel Core,16 GB,512 GB,112990,35.56 cm
HP,15s,Intel Core,8 GB,512 GB,66688,39.62 cm
Acer,Aspire,AMD Ryzen,8 GB,512 GB,44897,39.62 cm
Infinix,Y4,Intel Core,16 GB,512 GB,69999,40.64 cm
Acer,Aspire,AMD Ryzen,8 GB,512 GB,47990,39.62 cm
Acer,Aspire,AMD Ryzen,16 GB,512 GB,65938,2.54 cm
Acer,Aspire,Intel Celeron,8 GB,256 GB,36500,29.46 cm
ASUS,Vivobook,Intel Core,16 GB,512 GB,87763,35.56 cm
Acer,Predator,Intel Core,16 GB,1 TB,199990,40.64 cm
Acer,One,Intel Core,8 GB,256 GB,49999,35.56 cm
MSI,Venture,AMD Ryzen,16 GB,1 TB,120990,40.64 cm
Apple,MacBook,Intel Core,8 GB,512 GB,179900,33.78 cm
ASUS,Vivobook,Intel Core,8 GB,512 GB,65483,39.62 cm
HP,AMD,AMD Ryzen,8 GB,512 GB,58946,35.56 cm
Acer,Nitro,AMD Ryzen,16 GB,512 GB,108999,39.62 cm
HP,AMD,AMD Ryzen,8 GB,512 GB,55353,39.62 cm
ASUS,Gaming,Intel Core,16 GB,512 GB,92990,40.64 cm
HP,Intel,Intel Core,8 GB,512 GB,52126,39.62 cm
Acer,Aspire,Intel Core,8 GB,512 GB,51500,35.56 cm
HP,250R,Intel Core,16 GB,512 GB,59899,39.62 cm
Apple,MacBook,Apple M5,16 GB,1 TB,185900,34.54 cm
HP,14R,Intel Core,16 GB,512 GB,69990,35.56 cm
Acer,Aspire,Intel Core,8 GB,512 GB,89999,39.62 cm
Acer,Swift,Intel Core,16 GB,1 TB,110999,35.56 cm
ASUS,Vivobook,Intel Core,8 GB,512 GB,58391,39.62 cm
Infinix,INBook,Intel Core,16 GB,512 GB,79990,39.62 cm
MSI,Prestige,Intel Core,8 GB,512 GB,106990,33.78 cm
ASUS,Vivobook,AMD Ryzen,8 GB,512 GB,59990,35.56 cm
HP,G9,Intel Core,16 GB,512 GB,59900,39.62 cm
HP,Intel,Intel Core,8 GB,512 GB,65164,39.62 cm
Lenovo,Intel,Intel Core,16 GB,512 GB,79235,35.56 cm
Acer,Swift,AMD Ryzen,16 GB,512 GB,79999,35.56 cm
ASUS,Intel,Intel Core,8 GB,512 GB,65299,39.62 cm
Samsung,Galaxy,Intel Core,16 GB,512 GB,172489,40.64 cm
Acer,Swift,AMD Ryzen,16 GB,1 TB,84999,35.56 cm
HP,255,AMD Ryzen,8 GB,512 GB,52990,39.62 cm
Acer,AMD,AMD Ryzen,8 GB,512 GB,45990,39.62 cm
ASUS,Zenbook,Intel Core,32 GB,1 TB,165011,35.56 cm
HP,OmniBook,Intel Core,16 GB,512 GB,87888,35.56 cm
HP,Victus,AMD Ryzen,16 GB,512 GB,63628,39.62 cm
ASUS,Vivobook,Intel Core,16 GB,512 GB,119990,35.56 cm
Lenovo,THINKBOOK,AMD Ryzen,8 GB,512 GB,69999,40.64 cm
Lenovo,ThinkBook,Intel Core,16 GB,512 GB,86500,39.62 cm
Infinix,GT,Intel Core,16 GB,512 GB,99990,40.64 cm
ASUS,Vivobook,Intel Celeron,8 GB,512 GB,49998,39.62 cm
Samsung,Galaxy,Intel Core,32 GB,1 TB,209289,40.64 cm
HP,Intel,Intel Core,8 GB,512 GB,58190,39.62 cm
HP,15,AMD Ryzen,8 GB,512 GB,52990,39.62 cm
DELL,Inspiron,Intel Core,16 GB,512 GB,70999,39.62 cm
Acer,Aspire,Intel Celeron,12 GB,500 GB,41990,35.56 cm
HP,Pavilion,AMD Ryzen,8 GB,512 GB,67931,35.56 cm
Lenovo,Ideapad,Intel Core,8 GB,512 GB,35997,39.62 cm
Acer,Aspire,Intel Core,16 GB,512 GB,75900,39.62 cm
Lenovo,Ideapad,Intel Core,8 GB,256 GB,49999,39.62 cm
ASUS,Vivobook,AMD Ryzen,8 GB,512 GB,60990,39.62 cm
DELL,Alienware,Intel Core,16 GB,1 TB,148998,40.64 cm
ASUS,Vivobook,Intel Celeron,8 GB,256 GB,46990,39.62 cm
Apple,MacBook,Apple M2,8 GB,512 GB,109900,34.54 cm
HP,Pavilion,Intel Core,16 GB,512 GB,97000,35.56 cm
ZEBRONICS,Thin,Intel Core,16 GB,512 GB,78999,39.62 cm
ASUS,Zenbook,AMD Ryzen,24 GB,1 TB,145998,40.64 cm
HP,14,Intel Core,16 GB,1 TB,125842,35.56 cm
DELL,15,Intel Core,16 GB,512 GB,92990,39.62 cm
HP,Pavilion,AMD Ryzen,16 GB,512 GB,75794,39.62 cm
ASUS,Vivobook,AMD Ryzen,16 GB,512 GB,74766,35.56 cm
Lenovo,IdeaPad,Intel Core,16 GB,512 GB,70481,39.62 cm
HP,15,AMD Ryzen,8 GB,512 GB,53990,39.62 cm
Infinix,ZERO,Intel Core,16 GB,512 GB,129990,39.62 cm
Samsung,Galaxy,Intel Core,16 GB,512 GB,163289,40.64 cm
HP,Victus,Intel Core,16 GB,1 TB,98623,39.62 cm
Acer,Swift,AMD Ryzen,16 GB,512 GB,69999,35.56 cm
Lenovo,Yoga,Intel Core,16 GB,512 GB,95000,35.56 cm
Acer,Aspire,Intel Core,16 GB,512 GB,69990,35.56 cm
ASUS,Vivobook,Intel Core,16 GB,512 GB,79354,40.64 cm
HP,Intel,Intel Core,8 GB,512 GB,57990,39.62 cm
ASUS,TUF,AMD Ryzen,16 GB,1 TB,77990,39.62 cm
HP,240,Intel Core,8 GB,512 GB,51999,35.56 cm
Lenovo,IdeaPad,Intel Core,8 GB,512 GB,68990,38.86 cm
Apple,MacBook,Apple M5,16 GB,1 TB,185900,34.54 cm
Lenovo,V,AMD Ryzen,16 GB,512 GB,59990,39.62 cm
Infinix,Y4,Intel Core,16 GB,512 GB,68000,40.64 cm
HP,AMD,AMD Ryzen,16 GB,512 GB,85990,39.62 cm
ASUS,Vivobook,AMD Ryzen,8 GB,512 GB,56048,35.56 cm
ASUS,Vivobook,Intel Core,16 GB,512 GB,93241,40.64 cm
Lenovo,IdeaPad,Intel Celeron,4 GB,256 GB,27990,39.62 cm
HP,OMEN,Intel Core,16 GB,1 TB,195210,40.89 cm
ASUS,ExpertBook,Intel Core,8 GB,512 GB,62899,39.62 cm
HP,15S,Intel Core,16 GB,512 GB,58999,39.62 cm
Avita,Liber,Intel Core,8 GB,256 GB,60990,33.78 cm
HP,AMD,AMD Athlon,8 GB,512 GB,52990,39.62 cm
HP,AMD,AMD Ryzen,8 GB,512 GB,51891,39.62 cm
MSI,Modern,Intel Core,8 GB,512 GB,55990,35.56 cm
ASUS,TUF,Intel Core,16 GB,512 GB,94254,40.64 cm
DELL,Intel,Intel Core,8 GB,512 GB,50500,39.62 cm
HP,240,Intel Core,8 GB,512 GB,57890,35.56 cm
Lenovo,IdeaPad,Intel Core,8 GB,256 GB,34990,35.56 cm
Lenovo,IdeaPad,Intel Core,4 GB,256 GB,34990,39.62 cm
ASUS,ASUS,Intel Core,16 GB,1 TB,84547,39.62 cm
HP,Pavilion,AMD Ryzen,16 GB,512 GB,88999,33.78 cm
ASUS,Vivobook,Intel Core,16 GB,512 GB,108999,35.56 cm
ASUS,Zenbook,Intel Core,16 GB,1 TB,99900,33.78 cm
HP,245,AMD Ryzen,8 GB,512 GB,59990,35.56 cm
HP,Pavilion,Intel Core,16 GB,1 TB,71604,39.62 cm
HP,Professional,Intel Core,16 GB,512 GB,75000,39.62 cm
DELL,VOSTRO,Intel Core,8 GB,512 GB,66999,35.56 cm
ASUS,Zenbook,Intel Core,16 GB,512 GB,157990,35.56 cm
ASUS,TUF,AMD Ryzen,8 GB,512 GB,129990,40.64 cm
ASUS,Zenbook,Intel Core,32 GB,1 TB,166000,35.56 cm
Acer,Aspire,Intel Core,8 GB,512 GB,62991,39.62 cm
ASUS,Vivobook,Intel Core,8 GB,512 GB,75990,35.56 cm
HP,G8,Intel Core,16 GB,512 GB,58890,39.62 cm
HP,250R,Intel Core,8 GB,512 GB,56500,39.62 cm
Lenovo,V14,Intel Core,8 GB,512 GB,62990,35.56 cm
Lenovo,Ideapad,Intel Core,8 GB,512 GB,56990,35.56 cm
HP,Professional,Intel Core,8 GB,512 GB,75099,35.56 cm
HP,AMD,AMD Athlon,8 GB,256 GB,52890,35.56 cm
HP,15,AMD Ryzen,16 GB,512 GB,63000,39.62 cm
ASUS,Intel,Intel Core,8 GB,512 GB,54323,39.62 cm
DELL,Inspiron,Intel Core,16 GB,512 GB,85574,35.56 cm
HP,255R,AMD Ryzen,8 GB,512 GB,55650,39.62 cm
DELL,Inspiron,Intel Core,16 GB,512 GB,81300,35.56 cm
ASUS,Vivobook,Intel Core,16 GB,512 GB,109499,40.64 cm
ASUS,Vivobook,Intel Core,12 GB,512 GB,52990,39.62 cm
DELL,Dell,Intel Core,8 GB,512 GB,65498,39.62 cm
ASUS,Vivobook,Intel Core,8 GB,512 GB,62999,39.62 cm
HP,Professional,Intel Core,32 GB,512 GB,95990,39.62 cm
Lenovo,Intel,Intel Core,8 GB,512 GB,37890,39.62 cm
Lenovo,IdeaPad,Intel Core,8 GB,512 GB,57990,35.56 cm
HP,AMD,AMD Ryzen,8 GB,512 GB,64028,39.62 cm
ZEBRONICS,Pro,Intel Core,16 GB,512 GB,60999,39.62 cm
HP,AMD,AMD Ryzen,8 GB,512 GB,58597,39.62 cm
HP,Essential,Intel Core,8 GB,512 GB,57890,35.56 cm
HP,15s,AMD Ryzen,8 GB,1 TB,60000,39.62 cm
ASUS,Vivobook,AMD Ryzen,8 GB,512 GB,51999,35.81 cm
ASUS,Expertbook,Intel Core,16 GB,512 GB,51990,35.56 cm
ASUS,VivoBook,AMD Ryzen,16 GB,512 GB,78999,39.62 cm
MSI,Katana,Intel Core,8 GB,512 GB,103990,39.62 cm
HP,240,Intel Core,8 GB,512 GB,57938,35.56 cm
Acer,Predator,Intel Core,16 GB,1 TB,144999,40.64 cm
ASUS,Intel,Intel Ryzen,16 GB,1 TB,135000,35.56 cm
HP,Pavilion,Intel Core,16 GB,512 GB,81290,39.62 cm
ASUS,V16,Intel Core,16 GB,512 GB,102999,40.64 cm
HP,Intel,Intel Core,8 GB,512 GB,55890,39.62 cm
DELL,AMD,AMD Ryzen,8 GB,512 GB,52064,39.62 cm
HP,14s,Intel Core,8 GB,512 GB,58990,35.56 cm
Acer,Swift,Intel Core,16 GB,512 GB,109999,40.89 cm
HP,15s,AMD Ryzen,8 GB,256 GB,52990,39.62 cm
ASUS,Vivobook,Intel Core,16 GB,512 GB,65990,39.62 cm
DELL,Vostro,Intel Core,16 GB,512 GB,68990,39.62 cm
HP,15s,AMD Ryzen,8 GB,512 GB,57790,39.62 cm
Lenovo,IdeaPad,AMD Ryzen,16 GB,512 GB,62811,39.62 cm
ASUS,Vivobook,Intel Core,16 GB,512 GB,85608,39.62 cm
Acer,Aspire,AMD Dual,4 GB,256 GB,39119,35.56 cm
Lenovo,Ideapad,Intel Core,16 GB,512 GB,69980,39.62 cm
acer,Swift,Intel Core,8 GB,512 GB,58600,34.29 cm
HP,Envy,Intel Core,16 GB,512 GB,104000,39.62 cm
ASUS,AMD,AMD Ryzen,16 GB,512 GB,77000,35.56 cm
HP,Intel,Intel Core,8 GB,512 GB,53000,39.62 cm
ASUS,TUF,AMD Ryzen,16 GB,512 GB,98500,39.62 cm
HP,8540u,AMD Ryzen,16 GB,512 GB,88799,35.56 cm
ASUS,Vivobook,Intel Core,16 GB,512 GB,70990,39.62 cm
ASUS,Vivobook,Intel Core,8 GB,512 GB,75990,39.62 cm
HP,AMD,AMD Ryzen,8 GB,512 GB,68999,35.56 cm
Lenovo,THINKBOOK,AMD Ryzen,16 GB,512 GB,80000,40.64 cm
Lenovo,V15,AMD Ryzen,8 GB,512 GB,56000,39.62 cm
HP,AMD,AMD Ryzen,8 GB,512 GB,58990,39.62 cm
ASUS,Zenbook,Snapdragon X,16 GB,512 GB,97909,35.56 cm
HP,15s,AMD Ryzen,8 GB,512 GB,52980,39.62 cm
Acer,Predator,Intel Core,16 GB,512 GB,129999,40.64 cm
HP,255,AMD Ryzen,8 GB,512 GB,50490,39.62 cm
MOTOROLA,Motobook,Intel Core,16 GB,1 TB,67990,35.56 cm
ASUS,ZenBook,Intel Core,16 GB,512 GB,72590,33.78 cm
HP,15R,Intel Core,16 GB,512 GB,68938,39.62 cm
HP,AMD,AMD Ryzen,8 GB,512 GB,58000,35.56 cm
HP,15s,AMD Ryzen,8 GB,256 GB,58790,39.62 cm
HP,AMD,AMD Ryzen,8 GB,512 GB,52890,39.62 cm
Lenovo,IdeaPad,Intel Core,16 GB,512 GB,69990,39.62 cm
HP,15s,AMD Ryzen,8 GB,512 GB,58999,39.62 cm
HP,14s,Intel Core,8 GB,256 GB,57290,35.56 cm
ASUS,Vivobook,Intel Core,8 GB,512 GB,56999,35.56 cm
ASUS,Vivobook,Intel Core,16 GB,512 GB,89999,40.64 cm
MSI,Modern,AMD Ryzen,16 GB,512 GB,64990,35.56 cm
HP,Intel,Intel Core,8 GB,512 GB,55990,39.62 cm
HP,AMD,AMD Ryzen,8 GB,512 GB,59890,39.62 cm
HP,255,AMD Athlon,8 GB,256 GB,48699,39.62 cm
HP,Professional,Intel Core,8 GB,512 GB,79990,39.62 cm
ASUS,Vivobook,Intel Core,16 GB,512 GB,85890,40.64 cm
HP,15s,Intel Core,8 GB,512 GB,57990,39.62 cm
Acer,Swift,Intel Core,16 GB,1 TB,129999,35.56 cm
HP,Victus,Intel Core,16 GB,512 GB,120990,39.62 cm
DELL,Intel,Intel Core,8 GB,512 GB,59699,39.62 cm
HP,AMD,AMD Ryzen,8 GB,512 GB,58990,39.62 cm
HP,AMD,AMD Ryzen,8 GB,512 GB,51990,39.62 cm
HP,15s,AMD Ryzen,16 GB,512 GB,69790,39.62 cm
Lenovo,LOQ,Intel Core,16 GB,512 GB,149900,39.62 cm
ASUS,ROG,AMD Ryzen,16 GB,1 TB,160500,34.04 cm
MSI,Modern,AMD Ryzen,8 GB,512 GB,61990,35.56 cm
Lenovo,ThinkBook,AMD Ryzen,8 GB,512 GB,58550,39.62 cm
Acer,ALG,Intel Core,16 GB,512 GB,85999,39.62 cm
Acer,Swift,Intel Core,16 GB,512 GB,74999,35.56 cm
ASUS,Vivobook,Intel Core,8 GB,512 GB,68991,39.62 cm
HP,Intel,Intel Core,16 GB,512 GB,82364,35.56 cm
HP,15,AMD Ryzen,16 GB,512 GB,81450,39.62 cm
Lenovo,Ideapad,Intel Core,4 GB,256 GB,35690,39.62 cm
Apple,MacBook,Apple M3,8 GB,512 GB,134900,33.02 cm
ASUS,Zenbook,Intel Core,16 GB,512 GB,135499,33.78 cm
DELL,Intel,Intel Core,32 GB,1 TB,440861,40.64 cm
